-- phpMyAdmin SQL Dump
-- version 5.2.1
-- https://www.phpmyadmin.net/
--
-- Host: 127.0.0.1
-- Generation Time: Dec 03, 2024 at 02:33 PM
-- Server version: 10.4.32-MariaDB
-- PHP Version: 8.2.12

SET SQL_MODE = "NO_AUTO_VALUE_ON_ZERO";
START TRANSACTION;
SET time_zone = "+00:00";


/*!40101 SET @OLD_CHARACTER_SET_CLIENT=@@CHARACTER_SET_CLIENT */;
/*!40101 SET @OLD_CHARACTER_SET_RESULTS=@@CHARACTER_SET_RESULTS */;
/*!40101 SET @OLD_COLLATION_CONNECTION=@@COLLATION_CONNECTION */;
/*!40101 SET NAMES utf8mb4 */;

--
-- Database: `brain_buddies`
--
CREATE DATABASE IF NOT EXISTS `brain_buddies` DEFAULT CHARACTER SET utf8mb4 COLLATE utf8mb4_general_ci;
USE `brain_buddies`;

-- --------------------------------------------------------

--
-- Table structure for table `users`
--

CREATE TABLE `users` (
  `id` int(11) NOT NULL,
  `username` varchar(50) NOT NULL,
  `email` varchar(100) NOT NULL,
  `password` varchar(255) NOT NULL,
  `created_at` timestamp NOT NULL DEFAULT current_timestamp()
) ENGINE=InnoDB DEFAULT CHARSET=utf8mb4 COLLATE=utf8mb4_general_ci;

--
-- Indexes for dumped tables
--

--
-- Indexes for table `users`
--
ALTER TABLE `users`
  ADD PRIMARY KEY (`id`),
  ADD UNIQUE KEY `email` (`email`);

--
-- AUTO_INCREMENT for dumped tables
--

--
-- AUTO_INCREMENT for table `users`
--
ALTER TABLE `users`
  MODIFY `id` int(11) NOT NULL AUTO_INCREMENT;
--
-- Database: `chatappv1`
--
CREATE DATABASE IF NOT EXISTS `chatappv1` DEFAULT CHARACTER SET utf8mb4 COLLATE utf8mb4_general_ci;
USE `chatappv1`;

-- --------------------------------------------------------

--
-- Table structure for table `messages`
--

CREATE TABLE `messages` (
  `msg_id` int(11) NOT NULL,
  `incoming_msg_id` int(255) NOT NULL,
  `outgoing_msg_id` int(255) NOT NULL,
  `msg` varchar(1000) NOT NULL
) ENGINE=InnoDB DEFAULT CHARSET=utf8mb4 COLLATE=utf8mb4_general_ci;

-- --------------------------------------------------------

--
-- Table structure for table `users`
--

CREATE TABLE `users` (
  `user_id` int(11) NOT NULL,
  `unique_id` int(255) NOT NULL,
  `fname` varchar(255) NOT NULL,
  `lname` varchar(255) NOT NULL,
  `email` varchar(255) NOT NULL,
  `password` varchar(255) NOT NULL,
  `img` varchar(255) NOT NULL,
  `status` varchar(255) NOT NULL
) ENGINE=InnoDB DEFAULT CHARSET=utf8mb4 COLLATE=utf8mb4_general_ci;

--
-- Indexes for dumped tables
--

--
-- Indexes for table `messages`
--
ALTER TABLE `messages`
  ADD PRIMARY KEY (`msg_id`);

--
-- Indexes for table `users`
--
ALTER TABLE `users`
  ADD PRIMARY KEY (`user_id`);

--
-- AUTO_INCREMENT for dumped tables
--

--
-- AUTO_INCREMENT for table `messages`
--
ALTER TABLE `messages`
  MODIFY `msg_id` int(11) NOT NULL AUTO_INCREMENT;

--
-- AUTO_INCREMENT for table `users`
--
ALTER TABLE `users`
  MODIFY `user_id` int(11) NOT NULL AUTO_INCREMENT;
--
-- Database: `db_ecommerce`
--
CREATE DATABASE IF NOT EXISTS `db_ecommerce` DEFAULT CHARACTER SET utf8mb4 COLLATE utf8mb4_general_ci;
USE `db_ecommerce`;

-- --------------------------------------------------------

--
-- Table structure for table `messagein`
--

CREATE TABLE `messagein` (
  `Id` int(11) NOT NULL,
  `SendTime` datetime DEFAULT NULL,
  `ReceiveTime` datetime DEFAULT NULL,
  `MessageFrom` varchar(80) DEFAULT NULL,
  `MessageTo` varchar(80) DEFAULT NULL,
  `SMSC` varchar(80) DEFAULT NULL,
  `MessageText` text DEFAULT NULL,
  `MessageType` varchar(80) DEFAULT NULL,
  `MessageParts` int(11) DEFAULT NULL,
  `MessagePDU` text DEFAULT NULL,
  `Gateway` varchar(80) DEFAULT NULL,
  `UserId` varchar(80) DEFAULT NULL
) ENGINE=InnoDB DEFAULT CHARSET=utf8mb4 COLLATE=utf8mb4_general_ci;

--
-- Dumping data for table `messagein`
--

INSERT INTO `messagein` (`Id`, `SendTime`, `ReceiveTime`, `MessageFrom`, `MessageTo`, `SMSC`, `MessageText`, `MessageType`, `MessageParts`, `MessagePDU`, `Gateway`, `UserId`) VALUES
(1, '2017-11-02 05:19:29', NULL, '211', '+639305235027', NULL, '0B05040B8423F00003FB0302,870906890101C651018715060350524F585932000187070603534D415254204D4D530001C65201872F060350524F5859325F3100018720060331302E3130322E36312E343600018721068501872206034E4150475052535F320001C6530187230603383038300001010101C600015501873606037734000187070603534D4152', NULL, NULL, NULL, NULL, NULL),
(2, '2017-11-02 05:19:34', NULL, '211', '+639305235027', NULL, '0B05040B8423F00003FB0303,54204D4D5300018739060350524F585932000187340603687474703A2F2F31302E3130322E36312E3233383A383030322F00010101', NULL, NULL, NULL, NULL, NULL),
(3, '2017-11-02 05:19:14', NULL, '211', '+639305235027', NULL, '0B05040B8423F00003FA0201,6C062F1F2DB69180923646443032463643313042394231363544354242413143304143413232424334343239453236423600030B6A00C54503312E310001C6560187070603534D41525420494E5445524E4554000101C65501871106034E4150475052535F330001871006AB0187070603534D41525420494E5445524E455400', NULL, NULL, NULL, NULL, NULL),
(4, '2017-11-02 05:19:19', NULL, '211', '+639305235027', NULL, '0B05040B8423F00003FA0202,0187140187080603696E7465726E65740001870906890101C600015501873606037732000187070603534D41525420494E5445524E45540001872206034E4150475052535F330001C65901873A0603687474703A2F2F6D2E736D6172742E636F6D2E7068000187070603484F4D450001871C01010101', NULL, NULL, NULL, NULL, NULL),
(5, '2017-11-02 05:19:24', NULL, '211', '+639305235027', NULL, '0B05040B8423F00003FB0301,6D062F1F2DB69180923432373832413042464145313131463335303137323744303141433530304134373930423843334500030B6A00C54503312E310001C6560187070603534D415254204D4D53000101C65501871106034E4150475052535F320001871006AB0187070603534D415254204D4D530001870806036D6D730001', NULL, NULL, NULL, NULL, NULL),
(6, '2017-11-02 05:19:29', NULL, '211', '+639305235027', NULL, '0B05040B8423F00003FB0302,870906890101C651018715060350524F585932000187070603534D415254204D4D530001C65201872F060350524F5859325F3100018720060331302E3130322E36312E343600018721068501872206034E4150475052535F320001C6530187230603383038300001010101C600015501873606037734000187070603534D4152', NULL, NULL, NULL, NULL, NULL);

-- --------------------------------------------------------

--
-- Table structure for table `messagelog`
--

CREATE TABLE `messagelog` (
  `Id` int(11) NOT NULL,
  `SendTime` datetime DEFAULT NULL,
  `ReceiveTime` datetime DEFAULT NULL,
  `StatusCode` int(11) DEFAULT NULL,
  `StatusText` varchar(80) DEFAULT NULL,
  `MessageTo` varchar(80) DEFAULT NULL,
  `MessageFrom` varchar(80) DEFAULT NULL,
  `MessageText` text DEFAULT NULL,
  `MessageType` varchar(80) DEFAULT NULL,
  `MessageId` varchar(80) DEFAULT NULL,
  `ErrorCode` varchar(80) DEFAULT NULL,
  `ErrorText` varchar(80) DEFAULT NULL,
  `Gateway` varchar(80) DEFAULT NULL,
  `MessageParts` int(11) DEFAULT NULL,
  `MessagePDU` text DEFAULT NULL,
  `Connector` varchar(80) DEFAULT NULL,
  `UserId` varchar(80) DEFAULT NULL,
  `UserInfo` text DEFAULT NULL
) ENGINE=InnoDB DEFAULT CHARSET=utf8mb4 COLLATE=utf8mb4_general_ci;

--
-- Dumping data for table `messagelog`
--

INSERT INTO `messagelog` (`Id`, `SendTime`, `ReceiveTime`, `StatusCode`, `StatusText`, `MessageTo`, `MessageFrom`, `MessageText`, `MessageType`, `MessageId`, `ErrorCode`, `ErrorText`, `Gateway`, `MessageParts`, `MessagePDU`, `Connector`, `UserId`, `UserInfo`) VALUES
(1, '2018-01-27 20:38:08', NULL, 300, NULL, '09305235027', 'Hello Poh', NULL, NULL, '', NULL, NULL, NULL, NULL, NULL, NULL, NULL, NULL),
(2, '2018-01-27 20:39:06', NULL, 300, NULL, '09305235027', 'Hello Poh', NULL, NULL, '', NULL, NULL, NULL, NULL, NULL, NULL, NULL, NULL),
(3, '2018-01-27 20:49:14', NULL, 300, NULL, '09305235027', 'hi poh', NULL, NULL, '', NULL, NULL, NULL, NULL, NULL, NULL, NULL, NULL),
(4, '2018-01-27 20:50:56', NULL, 300, NULL, '09508767867', 'hi poh', NULL, NULL, '', NULL, NULL, NULL, NULL, NULL, NULL, NULL, NULL),
(5, '2018-02-09 17:52:26', NULL, 300, NULL, '09486457414', 'Test to send', NULL, NULL, '', NULL, NULL, NULL, NULL, NULL, NULL, NULL, NULL),
(6, '2018-02-09 17:54:27', NULL, 300, NULL, '09486457414', 'Test to send', NULL, NULL, '', NULL, NULL, NULL, NULL, NULL, NULL, NULL, NULL),
(7, '2018-02-09 17:55:11', NULL, 300, NULL, '09486457414', 'Test to send', NULL, NULL, '', NULL, NULL, NULL, NULL, NULL, NULL, NULL, NULL),
(8, '2018-02-09 17:59:11', NULL, 300, NULL, '09486457414', 'Test to send', NULL, NULL, '', NULL, NULL, NULL, NULL, NULL, NULL, NULL, NULL),
(9, '2018-02-09 18:00:12', NULL, 200, NULL, '+639486457414', 'yes', NULL, NULL, '1:+639486457414:35', NULL, NULL, NULL, NULL, NULL, NULL, NULL, NULL),
(10, '2018-02-09 18:01:12', NULL, 200, NULL, '+639486457414', 'Test to send', NULL, NULL, '1:+639486457414:36', NULL, NULL, NULL, NULL, NULL, NULL, NULL, NULL),
(11, '2018-02-09 18:02:58', NULL, 200, NULL, '+639486457414', 'FROM JANNO : Confirmed', NULL, NULL, '1:+639486457414:37', NULL, NULL, NULL, NULL, NULL, NULL, NULL, NULL),
(12, '2018-02-09 18:05:22', NULL, 200, NULL, '+639486457414', 'FROM Bachelor of Science and Entrepreneurs : Your order has been .Confirmed', NULL, NULL, '1:+639486457414:38', NULL, NULL, NULL, NULL, NULL, NULL, NULL, NULL),
(13, '2018-02-09 18:08:14', NULL, 200, NULL, '+639486457414', 'FROM Bachelor of Science and Entrepreneurs : Your order has been .Confirmed', NULL, NULL, '1:+639486457414:39', NULL, NULL, NULL, NULL, NULL, NULL, NULL, NULL),
(14, '2018-02-09 18:21:41', NULL, 200, NULL, '+639486457414', 'FROM Bachelor of Science and Entrepreneurs : Your order has been .Confirmed', NULL, NULL, '1:+639486457414:40', NULL, NULL, NULL, NULL, NULL, NULL, NULL, NULL),
(15, '2018-04-01 22:17:34', NULL, 300, NULL, '09123586545', 'Your code is .6048', NULL, NULL, '', NULL, NULL, NULL, NULL, NULL, NULL, NULL, NULL),
(16, '2018-04-01 22:18:20', NULL, 300, NULL, '09123586545', 'Your code is .9305', NULL, NULL, '', NULL, NULL, NULL, NULL, NULL, NULL, NULL, NULL),
(17, '2018-04-01 22:20:15', NULL, 300, NULL, '09123586545', 'Your code is .2924', NULL, NULL, '', NULL, NULL, NULL, NULL, NULL, NULL, NULL, NULL),
(18, '2018-04-01 22:42:36', NULL, 300, NULL, '09123586545', 'Your code is .6938', NULL, NULL, '', NULL, NULL, NULL, NULL, NULL, NULL, NULL, NULL),
(19, '2018-04-02 00:40:53', NULL, 300, NULL, '9956112920', 'Your code is .7290', NULL, NULL, '', NULL, NULL, NULL, NULL, NULL, NULL, NULL, NULL),
(20, '2018-04-02 00:42:14', NULL, 300, NULL, '9956112920', 'Your code is .4506', NULL, NULL, '', NULL, NULL, NULL, NULL, NULL, NULL, NULL, NULL),
(21, '2018-04-02 00:43:46', NULL, 300, NULL, '9956112920', 'Your code is .4506', NULL, NULL, '', NULL, NULL, NULL, NULL, NULL, NULL, NULL, NULL),
(22, '2018-04-02 00:45:56', NULL, 300, NULL, '09956112920', 'Your code is .6988', NULL, NULL, '', NULL, NULL, NULL, NULL, NULL, NULL, NULL, NULL),
(23, '2018-04-02 00:47:17', NULL, 300, NULL, '09956112920', 'Your code is .4380', NULL, NULL, '', NULL, NULL, NULL, NULL, NULL, NULL, NULL, NULL),
(24, '2018-04-02 00:48:53', NULL, 200, NULL, '639956112920', 'Your code is .5936', NULL, NULL, '1:639956112920:129', NULL, NULL, NULL, NULL, NULL, NULL, NULL, NULL),
(25, '2018-04-02 00:50:29', NULL, 200, NULL, '639956112920', 'Your code is .5349', NULL, NULL, '1:639956112920:130', NULL, NULL, NULL, NULL, NULL, NULL, NULL, NULL),
(26, '2018-04-02 00:53:32', NULL, 200, NULL, '639956112920', 'Your code is', NULL, NULL, '1:639956112920:131', NULL, NULL, NULL, NULL, NULL, NULL, NULL, NULL),
(27, '2018-04-02 00:54:43', NULL, 200, NULL, '639956112920', 'Your code is 3407', NULL, NULL, '1:639956112920:132', NULL, NULL, NULL, NULL, NULL, NULL, NULL, NULL);

-- --------------------------------------------------------

--
-- Table structure for table `messageout`
--

CREATE TABLE `messageout` (
  `Id` int(11) NOT NULL,
  `MessageTo` varchar(80) DEFAULT NULL,
  `MessageFrom` varchar(80) DEFAULT NULL,
  `MessageText` text DEFAULT NULL,
  `MessageType` varchar(80) DEFAULT NULL,
  `Gateway` varchar(80) DEFAULT NULL,
  `UserId` varchar(80) DEFAULT NULL,
  `UserInfo` text DEFAULT NULL,
  `Priority` int(11) DEFAULT NULL,
  `Scheduled` datetime DEFAULT NULL,
  `ValidityPeriod` int(11) DEFAULT NULL,
  `IsSent` tinyint(1) NOT NULL DEFAULT 0,
  `IsRead` tinyint(1) NOT NULL DEFAULT 0
) ENGINE=InnoDB DEFAULT CHARSET=utf8mb4 COLLATE=utf8mb4_general_ci;

-- --------------------------------------------------------

--
-- Table structure for table `tblautonumber`
--

CREATE TABLE `tblautonumber` (
  `ID` int(11) NOT NULL,
  `AUTOSTART` varchar(11) NOT NULL,
  `AUTOINC` int(11) NOT NULL,
  `AUTOEND` int(11) NOT NULL,
  `AUTOKEY` varchar(12) NOT NULL,
  `AUTONUM` int(30) NOT NULL
) ENGINE=InnoDB DEFAULT CHARSET=latin1 COLLATE=latin1_swedish_ci;

--
-- Dumping data for table `tblautonumber`
--

INSERT INTO `tblautonumber` (`ID`, `AUTOSTART`, `AUTOINC`, `AUTOEND`, `AUTOKEY`, `AUTONUM`) VALUES
(1, '2017', 1, 43, 'PROID', 10),
(2, '0', 1, 95, 'ordernumber', 0);

-- --------------------------------------------------------

--
-- Table structure for table `tblcategory`
--

CREATE TABLE `tblcategory` (
  `CATEGID` int(11) NOT NULL,
  `CATEGORIES` varchar(255) NOT NULL,
  `USERID` int(11) NOT NULL
) ENGINE=InnoDB DEFAULT CHARSET=latin1 COLLATE=latin1_swedish_ci;

--
-- Dumping data for table `tblcategory`
--

INSERT INTO `tblcategory` (`CATEGID`, `CATEGORIES`, `USERID`) VALUES
(5, 'SHOES', 0),
(11, 'BAGS', 0),
(12, 'CLOTHING', 0),
(13, 'INTERIORS', 0),
(14, 'HOUSEHOLDS', 0),
(15, 'FASHION', 0),
(16, 'KIDS', 0),
(17, 'WOMENS', 0),
(18, 'MENS', 0),
(19, 'SPORTSWEAR', 0);

-- --------------------------------------------------------

--
-- Table structure for table `tblcustomer`
--

CREATE TABLE `tblcustomer` (
  `CUSTOMERID` int(11) NOT NULL,
  `FNAME` varchar(30) NOT NULL,
  `LNAME` varchar(30) NOT NULL,
  `MNAME` varchar(30) NOT NULL,
  `CUSHOMENUM` varchar(90) NOT NULL,
  `STREETADD` text NOT NULL,
  `BRGYADD` text NOT NULL,
  `CITYADD` text NOT NULL,
  `PROVINCE` varchar(80) NOT NULL,
  `COUNTRY` varchar(30) NOT NULL,
  `DBIRTH` date NOT NULL,
  `GENDER` varchar(10) NOT NULL,
  `PHONE` varchar(20) NOT NULL,
  `EMAILADD` varchar(40) NOT NULL,
  `ZIPCODE` int(6) NOT NULL,
  `CUSUNAME` varchar(20) NOT NULL,
  `CUSPASS` varchar(90) NOT NULL,
  `CUSPHOTO` varchar(255) NOT NULL,
  `TERMS` tinyint(4) NOT NULL,
  `DATEJOIN` date NOT NULL
) ENGINE=InnoDB DEFAULT CHARSET=latin1 COLLATE=latin1_swedish_ci;

--
-- Dumping data for table `tblcustomer`
--

INSERT INTO `tblcustomer` (`CUSTOMERID`, `FNAME`, `LNAME`, `MNAME`, `CUSHOMENUM`, `STREETADD`, `BRGYADD`, `CITYADD`, `PROVINCE`, `COUNTRY`, `DBIRTH`, `GENDER`, `PHONE`, `EMAILADD`, `ZIPCODE`, `CUSUNAME`, `CUSPASS`, `CUSPHOTO`, `TERMS`, `DATEJOIN`) VALUES
(1, 'janobe', 'Palacios', '', '321', 'Coloso Street', 'brgy. 1', 'Kabankalan City', 'Negros Occidental', 'Philippines', '0000-00-00', 'Male', '+639956112920', '', 6111, 'kenjie@yahoo.com', '1dd4efc811372cd1efe855981a8863d10ddde1ca', 'customer_image/a1157016c5d8272126380b27a59e2e7e.jpg', 1, '2015-11-26'),
(2, 'Mark Anthony', 'Geasin', '', '1234', 'paglaom', 'dancalan', 'ilog', 'negros occ', 'philippines', '0000-00-00', '', '091023333234', '', 6111, 'bboy', '0377588176145a8f0d837ff6e9bf0c1616268387', 'customer_image/10801930_959054964122877_391305007291646162_n.jpg', 1, '2015-11-26'),
(3, 'Jano', 'Palacios', '', '12312', 's', 'brgy 1', 'kabankalan city', 'negross occidental', 'philippines', '0000-00-00', 'Male', '21312312312', '', 6111, 'jan', '53199fa57fdf5676d03d89fbdd26e69a927766fc', 'customer_image/Tropical-Beach-Wallpaper.jpg', 1, '2017-12-08'),
(4, 'Jamei', 'Laveste', '', '', '', '', 'kabankalan city', '', '', '0000-00-00', 'Female', '362656556', '', 0, 'jame', 'f144dcce05af4d40fa0aeba34b05f4472472a4de', 'customer_image/1351064148bpguarhW.jpg', 1, '2018-01-23'),
(5, 'Jeanniebe', 'Palacios', '', '', '', '', 'Kab City', '', '', '0000-00-00', 'Female', '+639486457414', '', 0, 'bebe', 'd079a1c06803587ea09bff3f44a567e19169e7b5', '', 1, '2018-02-09'),
(6, 'Janry', 'Tan', '', '', '', '', 'Kab City', '', '', '0000-00-00', 'Male', '0234234', '', 0, 'jan', '0271c5467994a9e88e01be5b7e1f5f43d0ab93d2', '', 1, '2018-04-01'),
(7, 'Jake', 'Cuenca', '', '', '', '', 'Kabankalan City', '', '', '0000-00-00', 'Male', '639305235027', '', 0, 'jake', '403ba16f713c8371eef121530a922824be29b68a', '', 1, '2018-04-16'),
(8, 'Jake', 'Tam', '', '', '', '', 'Kab City', '', '', '0000-00-00', 'Male', '021312312', '', 0, 'j', '30e1fe53111f7e583c382596a32885fd27283970', '', 1, '2018-09-23'),
(9, 'Annie', 'Paredes', '', '', '', '', 's', '', '', '0000-00-00', 'Female', '12312312', '', 0, 'an', 'aa46142b604e671794a84129896d4dec508dec81', 'customer_image/shirt2.jpg', 1, '2019-08-20'),
(10, 'alpha', 'a', '', '', '', '', 'california', '', '', '0000-00-00', 'Male', '9876543210', '', 0, 'alpha', '165d3ce1fed14d9ef85dfb1c2e7cae3921796814', '', 1, '2024-10-02'),
(11, 'beta', 'b', '', '', '', '', 'california', '', '', '0000-00-00', 'Male', '9876543208', '', 0, 'alpha', '165d3ce1fed14d9ef85dfb1c2e7cae3921796814', '', 1, '2024-10-02');

-- --------------------------------------------------------

--
-- Table structure for table `tblorder`
--

CREATE TABLE `tblorder` (
  `ORDERID` int(11) NOT NULL,
  `PROID` int(11) NOT NULL,
  `ORDEREDQTY` int(11) NOT NULL,
  `ORDEREDPRICE` double NOT NULL,
  `ORDEREDNUM` int(11) NOT NULL,
  `USERID` int(11) NOT NULL
) ENGINE=InnoDB DEFAULT CHARSET=latin1 COLLATE=latin1_swedish_ci;

--
-- Dumping data for table `tblorder`
--

INSERT INTO `tblorder` (`ORDERID`, `PROID`, `ORDEREDQTY`, `ORDEREDPRICE`, `ORDEREDNUM`, `USERID`) VALUES
(1, 201737, 4, 476, 93, 0),
(2, 201740, 3, 447, 93, 0),
(3, 201738, 1, 199, 94, 0);

-- --------------------------------------------------------

--
-- Table structure for table `tblproduct`
--

CREATE TABLE `tblproduct` (
  `PROID` int(11) NOT NULL,
  `PRODESC` varchar(255) DEFAULT NULL,
  `INGREDIENTS` varchar(255) NOT NULL,
  `PROQTY` int(11) DEFAULT NULL,
  `ORIGINALPRICE` double NOT NULL,
  `PROPRICE` double DEFAULT NULL,
  `CATEGID` int(11) DEFAULT NULL,
  `IMAGES` varchar(255) DEFAULT NULL,
  `PROSTATS` varchar(30) DEFAULT NULL,
  `OWNERNAME` varchar(90) NOT NULL,
  `OWNERPHONE` varchar(90) NOT NULL
) ENGINE=InnoDB DEFAULT CHARSET=latin1 COLLATE=latin1_swedish_ci;

--
-- Dumping data for table `tblproduct`
--

INSERT INTO `tblproduct` (`PROID`, `PRODESC`, `INGREDIENTS`, `PROQTY`, `ORIGINALPRICE`, `PROPRICE`, `CATEGID`, `IMAGES`, `PROSTATS`, `OWNERNAME`, `OWNERPHONE`) VALUES
(201737, 'KILY Korean Casual Sleeveless Dress Printed Dress 5a0019                      ', '', 5, 100, 119, 12, 'uploaded_photos/korean.jpeg', 'Available', 'janobe', ''),
(201738, 'terno top and pants korean fashion boho terno summer terno for women  ', '', 3, 150, 199, 12, 'uploaded_photos/terno.jpg', 'Available', 'janobe', ''),
(201739, '4Color Men′S Denim Pants STRETCHABLE Skinny Black/Blue', '', 5, 250, 289, 18, 'uploaded_photos/jeans.jpg', 'Available', 'janobe', ''),
(201740, 'SIMPLE Fashion Men`S Casual T Shirt Short Sleeve Round neck Top', '', 1, 100, 149, 18, 'uploaded_photos/shirt.jpg', 'Available', 'janobe', ''),
(201741, 'ICM #T146 BESTSELLER TOPS TSHIRT FOR MEN', '', 4, 50, 89, 18, 'uploaded_photos/shirt2.jpg', 'Available', 'janobe', ''),
(201742, 'CJY-001 Coat Rack Creative Simple CoatRack Bedroom Wardrobe (Gray)', '', 4, 250, 287, 14, 'uploaded_photos/bed.jpeg', 'Available', 'janobe', '');

-- --------------------------------------------------------

--
-- Table structure for table `tblpromopro`
--

CREATE TABLE `tblpromopro` (
  `PROMOID` int(11) NOT NULL,
  `PROID` int(11) NOT NULL,
  `PRODISCOUNT` double NOT NULL,
  `PRODISPRICE` double NOT NULL,
  `PROBANNER` tinyint(4) NOT NULL,
  `PRONEW` tinyint(4) NOT NULL
) ENGINE=InnoDB DEFAULT CHARSET=latin1 COLLATE=latin1_swedish_ci;

--
-- Dumping data for table `tblpromopro`
--

INSERT INTO `tblpromopro` (`PROMOID`, `PROID`, `PRODISCOUNT`, `PRODISPRICE`, `PROBANNER`, `PRONEW`) VALUES
(1, 201737, 0, 119, 0, 0),
(2, 201738, 0, 199, 0, 0),
(3, 201739, 0, 289, 0, 0),
(4, 201740, 0, 149, 0, 0),
(5, 201741, 0, 89, 0, 0),
(6, 201742, 0, 287, 0, 0);

-- --------------------------------------------------------

--
-- Table structure for table `tblsetting`
--

CREATE TABLE `tblsetting` (
  `SETTINGID` int(11) NOT NULL,
  `PLACE` text NOT NULL,
  `BRGY` varchar(90) NOT NULL,
  `DELPRICE` double NOT NULL
) ENGINE=InnoDB DEFAULT CHARSET=latin1 COLLATE=latin1_swedish_ci;

--
-- Dumping data for table `tblsetting`
--

INSERT INTO `tblsetting` (`SETTINGID`, `PLACE`, `BRGY`, `DELPRICE`) VALUES
(1, 'Kabankalan City', 'Brgy. 1', 50),
(2, 'Himamaylan City', 'Brgy. 1', 70);

-- --------------------------------------------------------

--
-- Table structure for table `tblstockin`
--

CREATE TABLE `tblstockin` (
  `STOCKINID` int(11) NOT NULL,
  `STOCKDATE` datetime DEFAULT NULL,
  `PROID` int(11) DEFAULT NULL,
  `STOCKQTY` int(11) DEFAULT NULL,
  `STOCKPRICE` double DEFAULT NULL,
  `USERID` int(11) DEFAULT NULL
) ENGINE=InnoDB DEFAULT CHARSET=latin1 COLLATE=latin1_swedish_ci;

-- --------------------------------------------------------

--
-- Table structure for table `tblsummary`
--

CREATE TABLE `tblsummary` (
  `SUMMARYID` int(11) NOT NULL,
  `ORDEREDDATE` datetime NOT NULL,
  `CUSTOMERID` int(11) NOT NULL,
  `ORDEREDNUM` int(11) NOT NULL,
  `DELFEE` double NOT NULL,
  `PAYMENT` double NOT NULL,
  `PAYMENTMETHOD` varchar(30) NOT NULL,
  `ORDEREDSTATS` varchar(30) NOT NULL,
  `ORDEREDREMARKS` varchar(125) NOT NULL,
  `CLAIMEDADTE` datetime NOT NULL,
  `HVIEW` tinyint(4) NOT NULL,
  `USERID` int(11) NOT NULL
) ENGINE=InnoDB DEFAULT CHARSET=latin1 COLLATE=latin1_swedish_ci;

--
-- Dumping data for table `tblsummary`
--

INSERT INTO `tblsummary` (`SUMMARYID`, `ORDEREDDATE`, `CUSTOMERID`, `ORDEREDNUM`, `DELFEE`, `PAYMENT`, `PAYMENTMETHOD`, `ORDEREDSTATS`, `ORDEREDREMARKS`, `CLAIMEDADTE`, `HVIEW`, `USERID`) VALUES
(1, '2019-08-21 06:24:24', 9, 93, 0, 0, 'Cash on Delivery', 'Pending', 'Your order is on process.', '0000-00-00 00:00:00', 1, 0),
(3, '2019-08-21 06:27:09', 9, 94, 70, 269, 'Cash on Delivery', 'Confirmed', 'Your order has been confirmed.', '2019-08-21 00:00:00', 1, 0);

-- --------------------------------------------------------

--
-- Table structure for table `tbluseraccount`
--

CREATE TABLE `tbluseraccount` (
  `USERID` int(11) NOT NULL,
  `U_NAME` varchar(122) NOT NULL,
  `U_USERNAME` varchar(122) NOT NULL,
  `U_PASS` varchar(122) NOT NULL,
  `U_ROLE` varchar(30) NOT NULL,
  `USERIMAGE` varchar(255) NOT NULL
) ENGINE=InnoDB DEFAULT CHARSET=latin1 COLLATE=latin1_swedish_ci;

--
-- Dumping data for table `tbluseraccount`
--

INSERT INTO `tbluseraccount` (`USERID`, `U_NAME`, `U_USERNAME`, `U_PASS`, `U_ROLE`, `USERIMAGE`) VALUES
(124, 'Kenjie Palacios', 'kenjie', '4752fe635442d048e8e8d2d1d845e6a578f30470', 'Administrator', 'photos/COC-war-base-design.jpg'),
(126, 'Janobe Palacios', 'janobe', 'd033e22ae348aeb5660fc2140aec35850c4da997', 'Administrator', 'photos/10329236_874204835938922_6636897990257224477_n.jpg'),
(127, 'Craig Palacios', 'craig', 'd033e22ae348aeb5660fc2140aec35850c4da997', 'Administrator', '');

-- --------------------------------------------------------

--
-- Table structure for table `tblwishlist`
--

CREATE TABLE `tblwishlist` (
  `id` int(11) NOT NULL,
  `CUSID` int(11) NOT NULL,
  `PROID` int(11) NOT NULL,
  `WISHDATE` date NOT NULL,
  `WISHSTATS` text NOT NULL
) ENGINE=InnoDB DEFAULT CHARSET=latin1 COLLATE=latin1_swedish_ci;

--
-- Dumping data for table `tblwishlist`
--

INSERT INTO `tblwishlist` (`id`, `CUSID`, `PROID`, `WISHDATE`, `WISHSTATS`) VALUES
(2, 9, 201742, '2019-08-21', '0');

--
-- Indexes for dumped tables
--

--
-- Indexes for table `messagein`
--
ALTER TABLE `messagein`
  ADD PRIMARY KEY (`Id`);

--
-- Indexes for table `messagelog`
--
ALTER TABLE `messagelog`
  ADD PRIMARY KEY (`Id`),
  ADD KEY `IDX_MessageId` (`MessageId`,`SendTime`);

--
-- Indexes for table `messageout`
--
ALTER TABLE `messageout`
  ADD PRIMARY KEY (`Id`),
  ADD KEY `IDX_IsRead` (`IsRead`);

--
-- Indexes for table `tblautonumber`
--
ALTER TABLE `tblautonumber`
  ADD PRIMARY KEY (`ID`);

--
-- Indexes for table `tblcategory`
--
ALTER TABLE `tblcategory`
  ADD PRIMARY KEY (`CATEGID`);

--
-- Indexes for table `tblcustomer`
--
ALTER TABLE `tblcustomer`
  ADD PRIMARY KEY (`CUSTOMERID`);

--
-- Indexes for table `tblorder`
--
ALTER TABLE `tblorder`
  ADD PRIMARY KEY (`ORDERID`),
  ADD KEY `USERID` (`USERID`),
  ADD KEY `PROID` (`PROID`),
  ADD KEY `ORDEREDNUM` (`ORDEREDNUM`);

--
-- Indexes for table `tblproduct`
--
ALTER TABLE `tblproduct`
  ADD PRIMARY KEY (`PROID`),
  ADD KEY `CATEGID` (`CATEGID`);

--
-- Indexes for table `tblpromopro`
--
ALTER TABLE `tblpromopro`
  ADD PRIMARY KEY (`PROMOID`),
  ADD UNIQUE KEY `PROID` (`PROID`);

--
-- Indexes for table `tblsetting`
--
ALTER TABLE `tblsetting`
  ADD PRIMARY KEY (`SETTINGID`);

--
-- Indexes for table `tblstockin`
--
ALTER TABLE `tblstockin`
  ADD PRIMARY KEY (`STOCKINID`),
  ADD KEY `PROID` (`PROID`,`USERID`),
  ADD KEY `USERID` (`USERID`);

--
-- Indexes for table `tblsummary`
--
ALTER TABLE `tblsummary`
  ADD PRIMARY KEY (`SUMMARYID`),
  ADD UNIQUE KEY `ORDEREDNUM` (`ORDEREDNUM`),
  ADD KEY `CUSTOMERID` (`CUSTOMERID`),
  ADD KEY `USERID` (`USERID`);

--
-- Indexes for table `tbluseraccount`
--
ALTER TABLE `tbluseraccount`
  ADD PRIMARY KEY (`USERID`);

--
-- Indexes for table `tblwishlist`
--
ALTER TABLE `tblwishlist`
  ADD PRIMARY KEY (`id`);

--
-- AUTO_INCREMENT for dumped tables
--

--
-- AUTO_INCREMENT for table `messagein`
--
ALTER TABLE `messagein`
  MODIFY `Id` int(11) NOT NULL AUTO_INCREMENT, AUTO_INCREMENT=7;

--
-- AUTO_INCREMENT for table `messagelog`
--
ALTER TABLE `messagelog`
  MODIFY `Id` int(11) NOT NULL AUTO_INCREMENT, AUTO_INCREMENT=28;

--
-- AUTO_INCREMENT for table `messageout`
--
ALTER TABLE `messageout`
  MODIFY `Id` int(11) NOT NULL AUTO_INCREMENT;

--
-- AUTO_INCREMENT for table `tblautonumber`
--
ALTER TABLE `tblautonumber`
  MODIFY `ID` int(11) NOT NULL AUTO_INCREMENT, AUTO_INCREMENT=3;

--
-- AUTO_INCREMENT for table `tblcategory`
--
ALTER TABLE `tblcategory`
  MODIFY `CATEGID` int(11) NOT NULL AUTO_INCREMENT, AUTO_INCREMENT=20;

--
-- AUTO_INCREMENT for table `tblcustomer`
--
ALTER TABLE `tblcustomer`
  MODIFY `CUSTOMERID` int(11) NOT NULL AUTO_INCREMENT, AUTO_INCREMENT=12;

--
-- AUTO_INCREMENT for table `tblorder`
--
ALTER TABLE `tblorder`
  MODIFY `ORDERID` int(11) NOT NULL AUTO_INCREMENT, AUTO_INCREMENT=4;

--
-- AUTO_INCREMENT for table `tblpromopro`
--
ALTER TABLE `tblpromopro`
  MODIFY `PROMOID` int(11) NOT NULL AUTO_INCREMENT, AUTO_INCREMENT=7;

--
-- AUTO_INCREMENT for table `tblsetting`
--
ALTER TABLE `tblsetting`
  MODIFY `SETTINGID` int(11) NOT NULL AUTO_INCREMENT, AUTO_INCREMENT=3;

--
-- AUTO_INCREMENT for table `tblstockin`
--
ALTER TABLE `tblstockin`
  MODIFY `STOCKINID` int(11) NOT NULL AUTO_INCREMENT, AUTO_INCREMENT=8;

--
-- AUTO_INCREMENT for table `tblsummary`
--
ALTER TABLE `tblsummary`
  MODIFY `SUMMARYID` int(11) NOT NULL AUTO_INCREMENT, AUTO_INCREMENT=4;

--
-- AUTO_INCREMENT for table `tbluseraccount`
--
ALTER TABLE `tbluseraccount`
  MODIFY `USERID` int(11) NOT NULL AUTO_INCREMENT, AUTO_INCREMENT=128;

--
-- AUTO_INCREMENT for table `tblwishlist`
--
ALTER TABLE `tblwishlist`
  MODIFY `id` int(11) NOT NULL AUTO_INCREMENT, AUTO_INCREMENT=3;
--
-- Database: `ecommerce`
--
CREATE DATABASE IF NOT EXISTS `ecommerce` DEFAULT CHARACTER SET utf8mb4 COLLATE utf8mb4_general_ci;
USE `ecommerce`;

-- --------------------------------------------------------

--
-- Table structure for table `cart`
--

CREATE TABLE `cart` (
  `id` int(11) NOT NULL,
  `user_id` int(11) DEFAULT NULL,
  `product_id` int(11) DEFAULT NULL,
  `quantity` int(11) DEFAULT 1
) ENGINE=InnoDB DEFAULT CHARSET=utf8mb4 COLLATE=utf8mb4_general_ci;

--
-- Dumping data for table `cart`
--

INSERT INTO `cart` (`id`, `user_id`, `product_id`, `quantity`) VALUES
(1, 4, 8, 2),
(2, 4, 1, 2),
(4, 6, 2, 1),
(5, 6, 3, 2),
(6, 7, 3, 3),
(7, 8, 3, 3);

-- --------------------------------------------------------

--
-- Table structure for table `products`
--

CREATE TABLE `products` (
  `id` int(11) NOT NULL,
  `name` varchar(100) NOT NULL,
  `description` char(100) DEFAULT NULL,
  `price` decimal(10,2) DEFAULT NULL,
  `image` varchar(255) DEFAULT NULL
) ENGINE=InnoDB DEFAULT CHARSET=utf8mb4 COLLATE=utf8mb4_general_ci;

--
-- Dumping data for table `products`
--

INSERT INTO `products` (`id`, `name`, `description`, `price`, `image`) VALUES
(1, 'Casual Shirt', 'Elegant Casual dress perfect for any event', 100.00, 'prod1.jpg'),
(2, 'Formal Shirt', 'Elegant Formal dress perfect for any event', 150.00, 'prod2.jpg'),
(3, 'Grey pant', 'Elegant grey dress perfect for any event.', 120.00, 'prod3.jpg'),
(4, 'Black pant', 'Description of Product 4', 200.00, 'prod4.jpg'),
(5, 'blue shoes', 'Comfortable and stylish blue sneakers.', 80.00, 'prod5.jpg'),
(6, 'Red Sneakers', 'Comfortable and stylish red sneakers.', 50.99, 'prod6.jpg'),
(7, 'Blue Denim Jacket', 'Trendy blue denim jacket for all occasions.', 75.49, 'prod7.jpg'),
(8, 'Black Leather Wallet', 'Premium black leather wallet.', 25.00, 'prod8.jpg'),
(9, 'Wireless Headphones', 'Bluetooth-enabled wireless headphones.', 89.99, 'prod9.jpg'),
(10, 'Smart Watch', 'Modern smartwatch with fitness tracking.', 149.99, 'prod10.jpg'),
(11, 'Red Dress', 'Elegant red dress perfect for any event.', 120.00, 'prod11.jpg'),
(12, 'Black Sunglasses', 'Stylish black sunglasses for sunny days.', 30.00, 'prod12.jpg'),
(13, 'Blue Running Shoes', 'High-performance blue running shoes.', 60.00, 'prod13.jpg'),
(14, 'Leather Jacket', 'Premium black leather jacket.', 200.00, 'prod14.jpg'),
(15, 'Gaming Mouse', 'RGB-backlit gaming mouse with high precision.', 45.00, 'prod15.jpg');

-- --------------------------------------------------------

--
-- Table structure for table `users`
--

CREATE TABLE `users` (
  `id` int(11) NOT NULL,
  `username` varchar(50) NOT NULL,
  `email` varchar(100) NOT NULL,
  `password` varchar(255) NOT NULL
) ENGINE=InnoDB DEFAULT CHARSET=utf8mb4 COLLATE=utf8mb4_general_ci;

--
-- Dumping data for table `users`
--

INSERT INTO `users` (`id`, `username`, `email`, `password`) VALUES
(1, 'john_doe', 'john@example.com', '482c811da5d5b4bc6d497ffa98491e38'),
(2, 'jane_doe', 'jane@example.com', '482c811da5d5b4bc6d497ffa98491e38'),
(3, 'mike_smith', 'mike@example.com', '482c811da5d5b4bc6d497ffa98491e38'),
(4, 'beta', 'beta123@gmail.com', '6bd402bb2b64948b70e6433deddf0688'),
(5, 'alpha', 'beta123@gmail.com', '6bd402bb2b64948b70e6433deddf0688'),
(6, 'charlie', 'charlie123@gmail.com', '202cb962ac59075b964b07152d234b70'),
(7, 'delta', 'delta123@gmail.com', '202cb962ac59075b964b07152d234b70'),
(8, 'dell', 'dell123@gmail.com', '202cb962ac59075b964b07152d234b70');

--
-- Indexes for dumped tables
--

--
-- Indexes for table `cart`
--
ALTER TABLE `cart`
  ADD PRIMARY KEY (`id`),
  ADD KEY `user_id` (`user_id`),
  ADD KEY `product_id` (`product_id`);

--
-- Indexes for table `products`
--
ALTER TABLE `products`
  ADD PRIMARY KEY (`id`);

--
-- Indexes for table `users`
--
ALTER TABLE `users`
  ADD PRIMARY KEY (`id`);

--
-- AUTO_INCREMENT for dumped tables
--

--
-- AUTO_INCREMENT for table `cart`
--
ALTER TABLE `cart`
  MODIFY `id` int(11) NOT NULL AUTO_INCREMENT, AUTO_INCREMENT=8;

--
-- AUTO_INCREMENT for table `products`
--
ALTER TABLE `products`
  MODIFY `id` int(11) NOT NULL AUTO_INCREMENT, AUTO_INCREMENT=16;

--
-- AUTO_INCREMENT for table `users`
--
ALTER TABLE `users`
  MODIFY `id` int(11) NOT NULL AUTO_INCREMENT, AUTO_INCREMENT=9;

--
-- Constraints for dumped tables
--

--
-- Constraints for table `cart`
--
ALTER TABLE `cart`
  ADD CONSTRAINT `cart_ibfk_1` FOREIGN KEY (`user_id`) REFERENCES `users` (`id`),
  ADD CONSTRAINT `cart_ibfk_2` FOREIGN KEY (`product_id`) REFERENCES `products` (`id`);
--
-- Database: `employe`
--
CREATE DATABASE IF NOT EXISTS `employe` DEFAULT CHARACTER SET utf8mb4 COLLATE utf8mb4_general_ci;
USE `employe`;
--
-- Database: `employee_management`
--
CREATE DATABASE IF NOT EXISTS `employee_management` DEFAULT CHARACTER SET utf8mb4 COLLATE utf8mb4_general_ci;
USE `employee_management`;

-- --------------------------------------------------------

--
-- Table structure for table `employees`
--

CREATE TABLE `employees` (
  `id` int(11) NOT NULL,
  `name` varchar(255) NOT NULL,
  `position` varchar(255) NOT NULL,
  `age` int(11) NOT NULL,
  `department` varchar(255) NOT NULL
) ENGINE=InnoDB DEFAULT CHARSET=utf8mb4 COLLATE=utf8mb4_general_ci;

--
-- Dumping data for table `employees`
--

INSERT INTO `employees` (`id`, `name`, `position`, `age`, `department`) VALUES
(2, 'alpha', 'assistant', 28, 'HR'),
(3, 'beta', 'assistant', 29, 'HR');

--
-- Indexes for dumped tables
--

--
-- Indexes for table `employees`
--
ALTER TABLE `employees`
  ADD PRIMARY KEY (`id`);

--
-- AUTO_INCREMENT for dumped tables
--

--
-- AUTO_INCREMENT for table `employees`
--
ALTER TABLE `employees`
  MODIFY `id` int(11) NOT NULL AUTO_INCREMENT, AUTO_INCREMENT=6;
--
-- Database: `login_system`
--
CREATE DATABASE IF NOT EXISTS `login_system` DEFAULT CHARACTER SET utf8mb4 COLLATE utf8mb4_general_ci;
USE `login_system`;
--
-- Database: `mysqli`
--
CREATE DATABASE IF NOT EXISTS `mysqli` DEFAULT CHARACTER SET utf8mb4 COLLATE utf8mb4_general_ci;
USE `mysqli`;

-- --------------------------------------------------------

--
-- Table structure for table `users`
--

CREATE TABLE `users` (
  `username` varchar(20) NOT NULL,
  `password` varchar(20) NOT NULL
) ENGINE=InnoDB DEFAULT CHARSET=utf8mb4 COLLATE=utf8mb4_general_ci;

--
-- Dumping data for table `users`
--

INSERT INTO `users` (`username`, `password`) VALUES
('suren', 'suiiiiii'),
('suren', 'suiiiiii'),
('user', 'password'),
('user', 'password'),
('user', 'password'),
('user', 'password'),
('user ', 'password'),
('user', 'password'),
('user', 'pass'),
('sample', 'sum'),
('sam', 'passs'),
('robert', 'robert123'),
('sanjeev', 'sanjeev123');
--
-- Database: `phpmyadmin`
--
CREATE DATABASE IF NOT EXISTS `phpmyadmin` DEFAULT CHARACTER SET utf8 COLLATE utf8_bin;
USE `phpmyadmin`;

-- --------------------------------------------------------

--
-- Table structure for table `pma__bookmark`
--

CREATE TABLE `pma__bookmark` (
  `id` int(10) UNSIGNED NOT NULL,
  `dbase` varchar(255) NOT NULL DEFAULT '',
  `user` varchar(255) NOT NULL DEFAULT '',
  `label` varchar(255) CHARACTER SET utf8 COLLATE utf8_general_ci NOT NULL DEFAULT '',
  `query` text NOT NULL
) ENGINE=InnoDB DEFAULT CHARSET=utf8 COLLATE=utf8_bin COMMENT='Bookmarks';

-- --------------------------------------------------------

--
-- Table structure for table `pma__central_columns`
--

CREATE TABLE `pma__central_columns` (
  `db_name` varchar(64) NOT NULL,
  `col_name` varchar(64) NOT NULL,
  `col_type` varchar(64) NOT NULL,
  `col_length` text DEFAULT NULL,
  `col_collation` varchar(64) NOT NULL,
  `col_isNull` tinyint(1) NOT NULL,
  `col_extra` varchar(255) DEFAULT '',
  `col_default` text DEFAULT NULL
) ENGINE=InnoDB DEFAULT CHARSET=utf8 COLLATE=utf8_bin COMMENT='Central list of columns';

-- --------------------------------------------------------

--
-- Table structure for table `pma__column_info`
--

CREATE TABLE `pma__column_info` (
  `id` int(5) UNSIGNED NOT NULL,
  `db_name` varchar(64) NOT NULL DEFAULT '',
  `table_name` varchar(64) NOT NULL DEFAULT '',
  `column_name` varchar(64) NOT NULL DEFAULT '',
  `comment` varchar(255) CHARACTER SET utf8 COLLATE utf8_general_ci NOT NULL DEFAULT '',
  `mimetype` varchar(255) CHARACTER SET utf8 COLLATE utf8_general_ci NOT NULL DEFAULT '',
  `transformation` varchar(255) NOT NULL DEFAULT '',
  `transformation_options` varchar(255) NOT NULL DEFAULT '',
  `input_transformation` varchar(255) NOT NULL DEFAULT '',
  `input_transformation_options` varchar(255) NOT NULL DEFAULT ''
) ENGINE=InnoDB DEFAULT CHARSET=utf8 COLLATE=utf8_bin COMMENT='Column information for phpMyAdmin';

-- --------------------------------------------------------

--
-- Table structure for table `pma__designer_settings`
--

CREATE TABLE `pma__designer_settings` (
  `username` varchar(64) NOT NULL,
  `settings_data` text NOT NULL
) ENGINE=InnoDB DEFAULT CHARSET=utf8 COLLATE=utf8_bin COMMENT='Settings related to Designer';

-- --------------------------------------------------------

--
-- Table structure for table `pma__export_templates`
--

CREATE TABLE `pma__export_templates` (
  `id` int(5) UNSIGNED NOT NULL,
  `username` varchar(64) NOT NULL,
  `export_type` varchar(10) NOT NULL,
  `template_name` varchar(64) NOT NULL,
  `template_data` text NOT NULL
) ENGINE=InnoDB DEFAULT CHARSET=utf8 COLLATE=utf8_bin COMMENT='Saved export templates';

-- --------------------------------------------------------

--
-- Table structure for table `pma__favorite`
--

CREATE TABLE `pma__favorite` (
  `username` varchar(64) NOT NULL,
  `tables` text NOT NULL
) ENGINE=InnoDB DEFAULT CHARSET=utf8 COLLATE=utf8_bin COMMENT='Favorite tables';

-- --------------------------------------------------------

--
-- Table structure for table `pma__history`
--

CREATE TABLE `pma__history` (
  `id` bigint(20) UNSIGNED NOT NULL,
  `username` varchar(64) NOT NULL DEFAULT '',
  `db` varchar(64) NOT NULL DEFAULT '',
  `table` varchar(64) NOT NULL DEFAULT '',
  `timevalue` timestamp NOT NULL DEFAULT current_timestamp(),
  `sqlquery` text NOT NULL
) ENGINE=InnoDB DEFAULT CHARSET=utf8 COLLATE=utf8_bin COMMENT='SQL history for phpMyAdmin';

-- --------------------------------------------------------

--
-- Table structure for table `pma__navigationhiding`
--

CREATE TABLE `pma__navigationhiding` (
  `username` varchar(64) NOT NULL,
  `item_name` varchar(64) NOT NULL,
  `item_type` varchar(64) NOT NULL,
  `db_name` varchar(64) NOT NULL,
  `table_name` varchar(64) NOT NULL
) ENGINE=InnoDB DEFAULT CHARSET=utf8 COLLATE=utf8_bin COMMENT='Hidden items of navigation tree';

-- --------------------------------------------------------

--
-- Table structure for table `pma__pdf_pages`
--

CREATE TABLE `pma__pdf_pages` (
  `db_name` varchar(64) NOT NULL DEFAULT '',
  `page_nr` int(10) UNSIGNED NOT NULL,
  `page_descr` varchar(50) CHARACTER SET utf8 COLLATE utf8_general_ci NOT NULL DEFAULT ''
) ENGINE=InnoDB DEFAULT CHARSET=utf8 COLLATE=utf8_bin COMMENT='PDF relation pages for phpMyAdmin';

-- --------------------------------------------------------

--
-- Table structure for table `pma__recent`
--

CREATE TABLE `pma__recent` (
  `username` varchar(64) NOT NULL,
  `tables` text NOT NULL
) ENGINE=InnoDB DEFAULT CHARSET=utf8 COLLATE=utf8_bin COMMENT='Recently accessed tables';

--
-- Dumping data for table `pma__recent`
--

INSERT INTO `pma__recent` (`username`, `tables`) VALUES
('root', '[{\"db\":\"mysqli\",\"table\":\"users\"}]');

-- --------------------------------------------------------

--
-- Table structure for table `pma__relation`
--

CREATE TABLE `pma__relation` (
  `master_db` varchar(64) NOT NULL DEFAULT '',
  `master_table` varchar(64) NOT NULL DEFAULT '',
  `master_field` varchar(64) NOT NULL DEFAULT '',
  `foreign_db` varchar(64) NOT NULL DEFAULT '',
  `foreign_table` varchar(64) NOT NULL DEFAULT '',
  `foreign_field` varchar(64) NOT NULL DEFAULT ''
) ENGINE=InnoDB DEFAULT CHARSET=utf8 COLLATE=utf8_bin COMMENT='Relation table';

-- --------------------------------------------------------

--
-- Table structure for table `pma__savedsearches`
--

CREATE TABLE `pma__savedsearches` (
  `id` int(5) UNSIGNED NOT NULL,
  `username` varchar(64) NOT NULL DEFAULT '',
  `db_name` varchar(64) NOT NULL DEFAULT '',
  `search_name` varchar(64) NOT NULL DEFAULT '',
  `search_data` text NOT NULL
) ENGINE=InnoDB DEFAULT CHARSET=utf8 COLLATE=utf8_bin COMMENT='Saved searches';

-- --------------------------------------------------------

--
-- Table structure for table `pma__table_coords`
--

CREATE TABLE `pma__table_coords` (
  `db_name` varchar(64) NOT NULL DEFAULT '',
  `table_name` varchar(64) NOT NULL DEFAULT '',
  `pdf_page_number` int(11) NOT NULL DEFAULT 0,
  `x` float UNSIGNED NOT NULL DEFAULT 0,
  `y` float UNSIGNED NOT NULL DEFAULT 0
) ENGINE=InnoDB DEFAULT CHARSET=utf8 COLLATE=utf8_bin COMMENT='Table coordinates for phpMyAdmin PDF output';

-- --------------------------------------------------------

--
-- Table structure for table `pma__table_info`
--

CREATE TABLE `pma__table_info` (
  `db_name` varchar(64) NOT NULL DEFAULT '',
  `table_name` varchar(64) NOT NULL DEFAULT '',
  `display_field` varchar(64) NOT NULL DEFAULT ''
) ENGINE=InnoDB DEFAULT CHARSET=utf8 COLLATE=utf8_bin COMMENT='Table information for phpMyAdmin';

-- --------------------------------------------------------

--
-- Table structure for table `pma__table_uiprefs`
--

CREATE TABLE `pma__table_uiprefs` (
  `username` varchar(64) NOT NULL,
  `db_name` varchar(64) NOT NULL,
  `table_name` varchar(64) NOT NULL,
  `prefs` text NOT NULL,
  `last_update` timestamp NOT NULL DEFAULT current_timestamp() ON UPDATE current_timestamp()
) ENGINE=InnoDB DEFAULT CHARSET=utf8 COLLATE=utf8_bin COMMENT='Tables'' UI preferences';

-- --------------------------------------------------------

--
-- Table structure for table `pma__tracking`
--

CREATE TABLE `pma__tracking` (
  `db_name` varchar(64) NOT NULL,
  `table_name` varchar(64) NOT NULL,
  `version` int(10) UNSIGNED NOT NULL,
  `date_created` datetime NOT NULL,
  `date_updated` datetime NOT NULL,
  `schema_snapshot` text NOT NULL,
  `schema_sql` text DEFAULT NULL,
  `data_sql` longtext DEFAULT NULL,
  `tracking` set('UPDATE','REPLACE','INSERT','DELETE','TRUNCATE','CREATE DATABASE','ALTER DATABASE','DROP DATABASE','CREATE TABLE','ALTER TABLE','RENAME TABLE','DROP TABLE','CREATE INDEX','DROP INDEX','CREATE VIEW','ALTER VIEW','DROP VIEW') DEFAULT NULL,
  `tracking_active` int(1) UNSIGNED NOT NULL DEFAULT 1
) ENGINE=InnoDB DEFAULT CHARSET=utf8 COLLATE=utf8_bin COMMENT='Database changes tracking for phpMyAdmin';

-- --------------------------------------------------------

--
-- Table structure for table `pma__userconfig`
--

CREATE TABLE `pma__userconfig` (
  `username` varchar(64) NOT NULL,
  `timevalue` timestamp NOT NULL DEFAULT current_timestamp() ON UPDATE current_timestamp(),
  `config_data` text NOT NULL
) ENGINE=InnoDB DEFAULT CHARSET=utf8 COLLATE=utf8_bin COMMENT='User preferences storage for phpMyAdmin';

--
-- Dumping data for table `pma__userconfig`
--

INSERT INTO `pma__userconfig` (`username`, `timevalue`, `config_data`) VALUES
('root', '2024-08-03 12:04:41', '{\"Console\\/Mode\":\"collapse\",\"lang\":\"en_GB\"}');

-- --------------------------------------------------------

--
-- Table structure for table `pma__usergroups`
--

CREATE TABLE `pma__usergroups` (
  `usergroup` varchar(64) NOT NULL,
  `tab` varchar(64) NOT NULL,
  `allowed` enum('Y','N') NOT NULL DEFAULT 'N'
) ENGINE=InnoDB DEFAULT CHARSET=utf8 COLLATE=utf8_bin COMMENT='User groups with configured menu items';

-- --------------------------------------------------------

--
-- Table structure for table `pma__users`
--

CREATE TABLE `pma__users` (
  `username` varchar(64) NOT NULL,
  `usergroup` varchar(64) NOT NULL
) ENGINE=InnoDB DEFAULT CHARSET=utf8 COLLATE=utf8_bin COMMENT='Users and their assignments to user groups';

--
-- Indexes for dumped tables
--

--
-- Indexes for table `pma__bookmark`
--
ALTER TABLE `pma__bookmark`
  ADD PRIMARY KEY (`id`);

--
-- Indexes for table `pma__central_columns`
--
ALTER TABLE `pma__central_columns`
  ADD PRIMARY KEY (`db_name`,`col_name`);

--
-- Indexes for table `pma__column_info`
--
ALTER TABLE `pma__column_info`
  ADD PRIMARY KEY (`id`),
  ADD UNIQUE KEY `db_name` (`db_name`,`table_name`,`column_name`);

--
-- Indexes for table `pma__designer_settings`
--
ALTER TABLE `pma__designer_settings`
  ADD PRIMARY KEY (`username`);

--
-- Indexes for table `pma__export_templates`
--
ALTER TABLE `pma__export_templates`
  ADD PRIMARY KEY (`id`),
  ADD UNIQUE KEY `u_user_type_template` (`username`,`export_type`,`template_name`);

--
-- Indexes for table `pma__favorite`
--
ALTER TABLE `pma__favorite`
  ADD PRIMARY KEY (`username`);

--
-- Indexes for table `pma__history`
--
ALTER TABLE `pma__history`
  ADD PRIMARY KEY (`id`),
  ADD KEY `username` (`username`,`db`,`table`,`timevalue`);

--
-- Indexes for table `pma__navigationhiding`
--
ALTER TABLE `pma__navigationhiding`
  ADD PRIMARY KEY (`username`,`item_name`,`item_type`,`db_name`,`table_name`);

--
-- Indexes for table `pma__pdf_pages`
--
ALTER TABLE `pma__pdf_pages`
  ADD PRIMARY KEY (`page_nr`),
  ADD KEY `db_name` (`db_name`);

--
-- Indexes for table `pma__recent`
--
ALTER TABLE `pma__recent`
  ADD PRIMARY KEY (`username`);

--
-- Indexes for table `pma__relation`
--
ALTER TABLE `pma__relation`
  ADD PRIMARY KEY (`master_db`,`master_table`,`master_field`),
  ADD KEY `foreign_field` (`foreign_db`,`foreign_table`);

--
-- Indexes for table `pma__savedsearches`
--
ALTER TABLE `pma__savedsearches`
  ADD PRIMARY KEY (`id`),
  ADD UNIQUE KEY `u_savedsearches_username_dbname` (`username`,`db_name`,`search_name`);

--
-- Indexes for table `pma__table_coords`
--
ALTER TABLE `pma__table_coords`
  ADD PRIMARY KEY (`db_name`,`table_name`,`pdf_page_number`);

--
-- Indexes for table `pma__table_info`
--
ALTER TABLE `pma__table_info`
  ADD PRIMARY KEY (`db_name`,`table_name`);

--
-- Indexes for table `pma__table_uiprefs`
--
ALTER TABLE `pma__table_uiprefs`
  ADD PRIMARY KEY (`username`,`db_name`,`table_name`);

--
-- Indexes for table `pma__tracking`
--
ALTER TABLE `pma__tracking`
  ADD PRIMARY KEY (`db_name`,`table_name`,`version`);

--
-- Indexes for table `pma__userconfig`
--
ALTER TABLE `pma__userconfig`
  ADD PRIMARY KEY (`username`);

--
-- Indexes for table `pma__usergroups`
--
ALTER TABLE `pma__usergroups`
  ADD PRIMARY KEY (`usergroup`,`tab`,`allowed`);

--
-- Indexes for table `pma__users`
--
ALTER TABLE `pma__users`
  ADD PRIMARY KEY (`username`,`usergroup`);

--
-- AUTO_INCREMENT for dumped tables
--

--
-- AUTO_INCREMENT for table `pma__bookmark`
--
ALTER TABLE `pma__bookmark`
  MODIFY `id` int(10) UNSIGNED NOT NULL AUTO_INCREMENT;

--
-- AUTO_INCREMENT for table `pma__column_info`
--
ALTER TABLE `pma__column_info`
  MODIFY `id` int(5) UNSIGNED NOT NULL AUTO_INCREMENT;

--
-- AUTO_INCREMENT for table `pma__export_templates`
--
ALTER TABLE `pma__export_templates`
  MODIFY `id` int(5) UNSIGNED NOT NULL AUTO_INCREMENT;

--
-- AUTO_INCREMENT for table `pma__history`
--
ALTER TABLE `pma__history`
  MODIFY `id` bigint(20) UNSIGNED NOT NULL AUTO_INCREMENT;

--
-- AUTO_INCREMENT for table `pma__pdf_pages`
--
ALTER TABLE `pma__pdf_pages`
  MODIFY `page_nr` int(10) UNSIGNED NOT NULL AUTO_INCREMENT;

--
-- AUTO_INCREMENT for table `pma__savedsearches`
--
ALTER TABLE `pma__savedsearches`
  MODIFY `id` int(5) UNSIGNED NOT NULL AUTO_INCREMENT;
--
-- Database: `prosan`
--
CREATE DATABASE IF NOT EXISTS `prosan` DEFAULT CHARACTER SET utf8mb4 COLLATE utf8mb4_general_ci;
USE `prosan`;

-- --------------------------------------------------------

--
-- Table structure for table `users`
--

CREATE TABLE `users` (
  `username` varchar(20) NOT NULL,
  `password` varchar(20) NOT NULL
) ENGINE=InnoDB DEFAULT CHARSET=utf8mb4 COLLATE=utf8mb4_general_ci;

--
-- Dumping data for table `users`
--

INSERT INTO `users` (`username`, `password`) VALUES
('user', 'password'),
('robert', 'robert123'),
('Neeraj Nirmal', 'nirmal123'),
('kathick raja', 'kathick123'),
('robert', 'robert123'),
('alpha', 'alpha123'),
('beta', 'beta123'),
('user', 'user123'),
('delta', 'delta123');
--
-- Database: `prozan`
--
CREATE DATABASE IF NOT EXISTS `prozan` DEFAULT CHARACTER SET utf8mb4 COLLATE utf8mb4_general_ci;
USE `prozan`;

-- --------------------------------------------------------

--
-- Table structure for table `users`
--

CREATE TABLE `users` (
  `username` varchar(20) NOT NULL,
  `password` varchar(20) NOT NULL
) ENGINE=InnoDB DEFAULT CHARSET=utf8mb4 COLLATE=utf8mb4_general_ci;

--
-- Dumping data for table `users`
--

INSERT INTO `users` (`username`, `password`) VALUES
('alpha', 'alpha123'),
('beta', 'beta123');
--
-- Database: `test`
--
CREATE DATABASE IF NOT EXISTS `test` DEFAULT CHARACTER SET latin1 COLLATE latin1_swedish_ci;
USE `test`;
COMMIT;

/*!40101 SET CHARACTER_SET_CLIENT=@OLD_CHARACTER_SET_CLIENT */;
/*!40101 SET CHARACTER_SET_RESULTS=@OLD_CHARACTER_SET_RESULTS */;
/*!40101 SET COLLATION_CONNECTION=@OLD_COLLATION_CONNECTION */;
